0,8000
5E-05,10000
0.0001,10000
0.00015,8000
0.0002,14000
0.00025,14000
0.0003,2000
0.00035,10000
0.0004,8000
0.00045,4000
0.0005,8000
0.00055,2000
0.0006,4000
0.00065,10000
0.0007,4000
0.00075,6000
0.0008,8000
0.00085,8000
0.0009,8000
0.00095,4000
0.001,2000
0.00105,8000
0.0011,10000
0.00115,10000
0.0012,8000
0.00125,12000
0.0013,8000
0.00135,8000
0.0014,8000
0.00145,6000
0.0015,4000
0.00155,8000
0.0016,4000
0.00165,4000
0.0017,10000
0.00175,14000
0.0018,10000
0.00185,4000
0.0019,10000
0.00195,8000
0.002,12000
0.00205,18000
0.0021,4000
0.00215,8000
0.0022,20000
0.00225,6000
0.0023,6000
0.00235,8000
0.0024,2000
0.00245,2000
0.0025,2000
0.00255,6000
0.0026,6000
0.00265,6000
0.0027,6000
0.00275,2000
0.0028,2000
0.00285,2000
0.0029,2000
0.00295,4000
0.003,10000
0.00305,6000
0.0031,8000
0.00315,10000
0.0032,6000
0.00325,2000
0.0033,4000
0.00335,4000
0.0034,4000
0.00345,6000
0.0035,4000
0.00355,2000
0.0036,4000
0.00365,10000
0.0037,10000
0.00375,6000
0.0038,12000
0.00385,16000
0.0039,2000
0.00395,4000
0.004,6000
0.00405,6000
0.0041,8000
0.00415,8000
0.0042,6000
0.00425,10000
0.0043,8000
0.00435,4000
0.0044,8000
0.00445,8000
0.0045,8000
0.00455,8000
0.0046,12000
0.00465,10000
0.0047,2000
0.00475,16000
0.0048,8000
0.00485,4000
0.0049,14000
0.00495,8000
0.005,8000
0.00505,10000
0.0051,6000
0.00515,6000
0.0052,4000
0.00525,6000
0.0053,2000
0.00535,8000
0.0054,4000
0.00545,8000
0.0055,4000
0.00555,12000
0.0056,12000
0.00565,4000
0.0057,2000
0.00575,6000
0.0058,8000
0.00585,14000
0.0059,12000
0.00595,4000
0.006,8000
0.00605,4000
0.0061,10000
0.00615,2000
0.0062,8000
0.00625,16000
0.0063,10000
0.00635,18000
0.0064,12000
0.00645,8000
0.0065,6000
0.00655,10000
0.0066,0
0.00665,6000
0.0067,6000
0.00675,6000
0.0068,8000
0.00685,6000
0.0069,4000
0.00695,10000
0.007,2000
0.00705,12000
0.0071,2000
0.00715,10000
0.0072,10000
0.00725,16000
0.0073,8000
0.00735,16000
0.0074,6000
0.00745,4000
0.0075,12000
0.00755,6000
0.0076,6000
0.00765,4000
0.0077,0
0.00775,16000
0.0078,10000
0.00785,10000
0.0079,10000
0.00795,0
0.008,4000
0.00805,8000
0.0081,8000
0.00815,4000
0.0082,4000
0.00825,6000
0.0083,14000
0.00835,4000
0.0084,4000
0.00845,8000
0.0085,6000
0.00855,8000
0.0086,8000
0.00865,8000
0.0087,4000
0.00875,4000
0.0088,6000
0.00885,6000
0.0089,6000
0.00895,14000
0.009,6000
0.00905,6000
0.0091,4000
0.00915,12000
0.0092,10000
0.00925,10000
0.0093,4000
0.00935,10000
0.0094,6000
0.00945,4000
0.0095,8000
0.00955,8000
0.0096,8000
0.00965,6000
0.0097,4000
0.00975,2000
0.0098,2000
0.00985,8000
0.0099,12000
0.00995,4000
0.01,8000
0.01005,10000
0.0101,2000
0.01015,14000
0.0102,10000
0.01025,4000
0.0103,12000
0.01035,8000
0.0104,14000
0.01045,12000
0.0105,8000
0.01055,14000
0.0106,10000
0.01065,4000
0.0107,6000
0.01075,4000
0.0108,8000
0.01085,8000
0.0109,10000
0.01095,6000
0.011,14000
0.01105,4000
0.0111,6000
0.01115,4000
0.0112,8000
0.01125,4000
0.0113,6000
0.01135,4000
0.0114,4000
0.01145,10000
0.0115,6000
0.01155,14000
0.0116,6000
0.01165,6000
0.0117,6000
0.01175,2000
0.0118,6000
0.01185,0
0.0119,10000
0.01195,6000
0.012,16000
0.01205,2000
0.0121,6000
0.01215,8000
0.0122,2000
0.01225,6000
0.0123,6000
0.01235,12000
0.0124,8000
0.01245,14000
0.0125,12000
0.01255,6000
0.0126,8000
0.01265,4000
0.0127,4000
0.01275,12000
0.0128,4000
0.01285,4000
0.0129,14000
0.01295,4000
0.013,8000
0.01305,0
0.0131,8000
0.01315,6000
0.0132,12000
0.01325,12000
0.0133,6000
0.01335,14000
0.0134,8000
0.01345,8000
0.0135,2000
0.01355,14000
0.0136,6000
0.01365,6000
0.0137,6000
0.01375,8000
0.0138,10000
0.01385,6000
0.0139,10000
0.01395,10000
0.014,8000
0.01405,6000
0.0141,6000
0.01415,8000
0.0142,2000
0.01425,10000
0.0143,10000
0.01435,4000
0.0144,8000
0.01445,4000
0.0145,8000
0.01455,10000
0.0146,6000
0.01465,6000
0.0147,4000
0.01475,6000
0.0148,4000
0.01485,4000
0.0149,6000
0.01495,2000
0.015,14000
0.01505,8000
0.0151,8000
0.01515,8000
0.0152,4000
0.01525,8000
0.0153,4000
0.01535,8000
0.0154,10000
0.01545,8000
0.0155,6000
0.01555,4000
0.0156,8000
0.01565,2000
0.0157,2000
0.01575,10000
0.0158,12000
0.01585,2000
0.0159,10000
0.01595,10000
0.016,6000
0.01605,0
0.0161,8000
0.01615,4000
0.0162,2000
0.01625,6000
0.0163,10000
0.01635,2000
0.0164,8000
0.01645,12000
0.0165,4000
0.01655,6000
0.0166,8000
0.01665,6000
0.0167,12000
0.01675,10000
0.0168,12000
0.01685,12000
0.0169,4000
0.01695,8000
0.017,4000
0.01705,2000
0.0171,6000
0.01715,12000
0.0172,4000
0.01725,12000
0.0173,6000
0.01735,6000
0.0174,2000
0.01745,4000
0.0175,8000
0.01755,6000
0.0176,8000
0.01765,4000
0.0177,4000
0.01775,6000
0.0178,2000
0.01785,8000
0.0179,12000
0.01795,6000
0.018,4000
0.01805,2000
0.0181,2000
0.01815,6000
0.0182,16000
0.01825,6000
0.0183,2000
0.01835,8000
0.0184,0
0.01845,10000
0.0185,12000
0.01855,14000
0.0186,8000
0.01865,4000
0.0187,6000
0.01875,8000
0.0188,8000
0.01885,10000
0.0189,2000
0.01895,4000
0.019,6000
0.01905,2000
0.0191,12000
0.01915,10000
0.0192,8000
0.01925,14000
0.0193,4000
0.01935,8000
0.0194,6000
0.01945,12000
0.0195,10000
0.01955,6000
0.0196,12000
0.01965,6000
0.0197,8000
0.01975,4000
0.0198,10000
0.01985,10000
0.0199,0
0.01995,8000
0.02,6000
0.02005,10000
0.0201,2000
0.02015,8000
0.0202,8000
0.02025,6000
0.0203,12000
0.02035,8000
0.0204,4000
0.02045,6000
0.0205,8000
0.02055,6000
0.0206,2000
0.02065,6000
0.0207,10000
0.02075,10000
0.0208,2000
0.02085,8000
0.0209,6000
0.02095,14000
0.021,12000
0.02105,12000
0.0211,4000
0.02115,12000
0.0212,10000
0.02125,10000
0.0213,12000
0.02135,6000
0.0214,2000
0.02145,8000
0.0215,10000
0.02155,12000
0.0216,8000
0.02165,4000
0.0217,6000
0.02175,8000
0.0218,10000
0.02185,4000
0.0219,6000
0.02195,2000
0.022,2000
0.02205,4000
0.0221,2000
0.02215,8000
0.0222,6000
0.02225,10000
0.0223,8000
0.02235,6000
0.0224,10000
0.02245,14000
0.0225,14000
0.02255,6000
0.0226,10000
0.02265,8000
0.0227,6000
0.02275,4000
0.0228,8000
0.02285,10000
0.0229,6000
0.02295,10000
0.023,6000
0.02305,8000
0.0231,14000
0.02315,8000
0.0232,12000
0.02325,6000
0.0233,0
0.02335,8000
0.0234,6000
0.02345,4000
0.0235,8000
0.02355,2000
0.0236,2000
0.02365,6000
0.0237,4000
0.02375,8000
0.0238,4000
0.02385,0
0.0239,4000
0.02395,4000
0.024,8000
0.02405,2000
0.0241,6000
0.02415,4000
0.0242,2000
0.02425,12000
0.0243,10000
0.02435,6000
0.0244,2000
0.02445,4000
0.0245,12000
0.02455,6000
0.0246,8000
0.02465,8000
0.0247,12000
0.02475,2000
0.0248,12000
0.02485,8000
0.0249,10000
0.02495,8000
0.025,12000
0.02505,8000
0.0251,10000
0.02515,4000
0.0252,6000
0.02525,10000
0.0253,6000
0.02535,20000
0.0254,8000
0.02545,0
0.0255,4000
0.02555,8000
0.0256,2000
0.02565,4000
0.0257,6000
0.02575,2000
0.0258,4000
0.02585,14000
0.0259,8000
0.02595,6000
0.026,6000
0.02605,14000
0.0261,8000
0.02615,12000
0.0262,20000
0.02625,8000
0.0263,4000
0.02635,4000
0.0264,18000
0.02645,10000
0.0265,4000
0.02655,4000
0.0266,6000
0.02665,4000
0.0267,8000
0.02675,20000
0.0268,16000
0.02685,12000
0.0269,8000
0.02695,4000
0.027,4000
0.02705,2000
0.0271,8000
0.02715,4000
0.0272,10000
0.02725,18000
0.0273,8000
0.02735,4000
0.0274,0
0.02745,6000
0.0275,2000
0.02755,8000
0.0276,8000
0.02765,14000
0.0277,8000
0.02775,6000
0.0278,6000
0.02785,4000
0.0279,6000
0.02795,0
0.028,14000
0.02805,6000
0.0281,10000
0.02815,6000
0.0282,6000
0.02825,4000
0.0283,2000
0.02835,6000
0.0284,8000
0.02845,8000
0.0285,8000
0.02855,10000
0.0286,10000
0.02865,2000
0.0287,6000
0.02875,6000
0.0288,8000
0.02885,16000
0.0289,2000
0.02895,16000
0.029,12000
0.02905,8000
0.0291,8000
0.02915,8000
0.0292,6000
0.02925,16000
0.0293,12000
0.02935,8000
0.0294,2000
0.02945,14000
0.0295,10000
0.02955,2000
0.0296,8000
0.02965,10000
0.0297,2000
0.02975,6000
0.0298,14000
0.02985,12000
0.0299,4000
0.02995,0
0.03,2000
0.03005,10000
0.0301,6000
0.03015,6000
0.0302,12000
0.03025,4000
0.0303,6000
0.03035,10000
0.0304,8000
0.03045,6000
0.0305,6000
0.03055,4000
0.0306,6000
0.03065,14000
0.0307,12000
0.03075,6000
0.0308,6000
0.03085,6000
0.0309,12000
0.03095,10000
0.031,8000
0.03105,6000
0.0311,2000
0.03115,10000
0.0312,6000
0.03125,8000
0.0313,0
0.03135,4000
0.0314,2000
0.03145,16000
0.0315,10000
0.03155,10000
0.0316,10000
0.03165,2000
0.0317,8000
0.03175,6000
0.0318,4000
0.03185,6000
0.0319,10000
0.03195,12000
0.032,2000
0.03205,2000
0.0321,8000
0.03215,6000
0.0322,8000
0.03225,4000
0.0323,10000
0.03235,10000
0.0324,6000
0.03245,4000
0.0325,6000
0.03255,10000
0.0326,12000
0.03265,6000
0.0327,8000
0.03275,4000
0.0328,4000
0.03285,10000
0.0329,6000
0.03295,4000
0.033,6000
0.03305,2000
0.0331,0
0.03315,4000
0.0332,4000
0.03325,8000
0.0333,8000
0.03335,6000
0.0334,6000
0.03345,10000
0.0335,2000
0.03355,8000
0.0336,8000
0.03365,10000
0.0337,6000
0.03375,16000
0.0338,6000
0.03385,4000
0.0339,10000
0.03395,6000
0.034,12000
0.03405,6000
0.0341,8000
0.03415,6000
0.0342,8000
0.03425,6000
0.0343,10000
0.03435,10000
0.0344,4000
0.03445,12000
0.0345,4000
0.03455,4000
0.0346,6000
0.03465,10000
0.0347,14000
0.03475,6000
0.0348,6000
0.03485,6000
0.0349,6000
0.03495,6000
0.035,8000
0.03505,2000
0.0351,6000
0.03515,10000
0.0352,8000
0.03525,10000
0.0353,10000
0.03535,6000
0.0354,4000
0.03545,4000
0.0355,6000
0.03555,8000
0.0356,4000
0.03565,10000
0.0357,4000
0.03575,10000
0.0358,2000
0.03585,2000
0.0359,2000
0.03595,18000
0.036,8000
0.03605,10000
0.0361,4000
0.03615,12000
0.0362,10000
0.03625,6000
0.0363,20000
0.03635,8000
0.0364,2000
0.03645,0
0.0365,8000
0.03655,6000
0.0366,4000
0.03665,8000
0.0367,2000
0.03675,2000
0.0368,6000
0.03685,6000
0.0369,10000
0.03695,4000
0.037,2000
0.03705,6000
0.0371,4000
0.03715,4000
0.0372,10000
0.03725,6000
0.0373,12000
0.03735,6000
0.0374,6000
0.03745,4000
0.0375,10000
0.03755,16000
0.0376,10000
0.03765,4000
0.0377,2000
0.03775,6000
0.0378,8000
0.03785,6000
0.0379,2000
0.03795,4000
0.038,14000
0.03805,6000
0.0381,6000
0.03815,4000
0.0382,10000
0.03825,10000
0.0383,4000
0.03835,2000
0.0384,4000
0.03845,6000
0.0385,12000
0.03855,2000
0.0386,10000
0.03865,8000
0.0387,10000
0.03875,2000
0.0388,8000
0.03885,8000
0.0389,6000
0.03895,6000
0.039,6000
0.03905,12000
0.0391,4000
0.03915,10000
0.0392,8000
0.03925,8000
0.0393,4000
0.03935,6000
0.0394,4000
0.03945,8000
0.0395,12000
0.03955,2000
0.0396,10000
0.03965,10000
0.0397,4000
0.03975,6000
0.0398,4000
0.03985,12000
0.0399,8000
0.03995,4000
0.04,4000
0.04005,4000
0.0401,10000
0.04015,12000
0.0402,6000
0.04025,6000
0.0403,10000
0.04035,6000
0.0404,8000
0.04045,6000
0.0405,4000
0.04055,10000
0.0406,12000
0.04065,10000
0.0407,4000
0.04075,8000
0.0408,6000
0.04085,4000
0.0409,6000
0.04095,6000
0.041,6000
0.04105,10000
0.0411,6000
0.04115,4000
0.0412,10000
0.04125,2000
0.0413,8000
0.04135,10000
0.0414,4000
0.04145,10000
0.0415,4000
0.04155,16000
0.0416,10000
0.04165,4000
0.0417,6000
0.04175,14000
0.0418,4000
0.04185,6000
0.0419,8000
0.04195,8000
0.042,4000
0.04205,4000
0.0421,8000
0.04215,10000
0.0422,2000
0.04225,6000
0.0423,2000
0.04235,2000
0.0424,4000
0.04245,2000
0.0425,6000
0.04255,10000
0.0426,4000
0.04265,10000
0.0427,8000
0.04275,14000
0.0428,12000
0.04285,4000
0.0429,4000
0.04295,2000
0.043,8000
0.04305,6000
0.0431,10000
0.04315,4000
0.0432,6000
0.04325,6000
0.0433,6000
0.04335,12000
0.0434,12000
0.04345,6000
0.0435,6000
0.04355,8000
0.0436,10000
0.04365,2000
0.0437,4000
0.04375,6000
0.0438,2000
0.04385,6000
0.0439,4000
0.04395,4000
0.044,6000
0.04405,6000
0.0441,4000
0.04415,8000
0.0442,6000
0.04425,6000
0.0443,12000
0.04435,10000
0.0444,6000
0.04445,18000
0.0445,10000
0.04455,2000
0.0446,14000
0.04465,8000
0.0447,10000
0.04475,6000
0.0448,12000
0.04485,0
0.0449,6000
0.04495,10000
0.045,10000
0.04505,6000
0.0451,8000
0.04515,10000
0.0452,4000
0.04525,12000
0.0453,6000
0.04535,10000
0.0454,4000
0.04545,8000
0.0455,4000
0.04555,10000
0.0456,10000
0.04565,4000
0.0457,6000
0.04575,12000
0.0458,8000
0.04585,4000
0.0459,10000
0.04595,4000
0.046,6000
0.04605,4000
0.0461,2000
0.04615,10000
0.0462,4000
0.04625,10000
0.0463,2000
0.04635,10000
0.0464,4000
0.04645,8000
0.0465,18000
0.04655,6000
0.0466,2000
0.04665,2000
0.0467,6000
0.04675,12000
0.0468,10000
0.04685,10000
0.0469,4000
0.04695,16000
0.047,4000
0.04705,2000
0.0471,4000
0.04715,12000
0.0472,4000
0.04725,14000
0.0473,8000
0.04735,6000
0.0474,10000
0.04745,6000
0.0475,8000
0.04755,6000
0.0476,0
0.04765,0
0.0477,8000
0.04775,10000
0.0478,12000
0.04785,10000
0.0479,12000
0.04795,8000
0.048,4000
0.04805,4000
0.0481,10000
0.04815,8000
0.0482,4000
0.04825,2000
0.0483,4000
0.04835,6000
0.0484,6000
0.04845,12000
0.0485,6000
0.04855,6000
0.0486,12000
0.04865,8000
0.0487,4000
0.04875,2000
0.0488,0
0.04885,4000
0.0489,10000
0.04895,6000
0.049,8000
0.04905,6000
0.0491,2000
0.04915,4000
0.0492,8000
0.04925,4000
0.0493,6000
0.04935,6000
0.0494,8000
0.04945,6000
0.0495,6000
0.04955,4000
0.0496,8000
0.04965,10000
0.0497,4000
0.04975,8000
0.0498,4000
0.04985,2000
0.0499,10000
0.04995,0
0.05,4000
0.05005,8000
0.0501,2000
0.05015,4000
0.0502,12000
0.05025,6000
0.0503,6000
0.05035,0
0.0504,6000
0.05045,6000
0.0505,6000
0.05055,8000
0.0506,6000
0.05065,0
0.0507,4000
0.05075,8000
0.0508,6000
0.05085,4000
0.0509,14000
0.05095,14000
0.051,2000
0.05105,4000
0.0511,8000
0.05115,14000
0.0512,6000
0.05125,8000
0.0513,6000
0.05135,14000
0.0514,4000
0.05145,2000
0.0515,0
0.05155,8000
0.0516,4000
0.05165,12000
0.0517,0
0.05175,8000
0.0518,6000
0.05185,4000
0.0519,6000
0.05195,2000
0.052,4000
0.05205,2000
0.0521,8000
0.05215,6000
0.0522,6000
0.05225,2000
0.0523,4000
0.05235,4000
0.0524,6000
0.05245,0
0.0525,6000
0.05255,10000
0.0526,10000
0.05265,8000
0.0527,4000
0.05275,10000
0.0528,4000
0.05285,8000
0.0529,10000
0.05295,10000
0.053,6000
0.05305,2000
0.0531,4000
0.05315,12000
0.0532,0
0.05325,14000
0.0533,6000
0.05335,8000
0.0534,12000
0.05345,6000
0.0535,4000
0.05355,4000
0.0536,10000
0.05365,4000
0.0537,10000
0.05375,8000
0.0538,4000
0.05385,4000
0.0539,12000
0.05395,2000
0.054,4000
0.05405,12000
0.0541,4000
0.05415,6000
0.0542,10000
0.05425,18000
0.0543,4000
0.05435,8000
0.0544,12000
0.05445,6000
0.0545,4000
0.05455,2000
0.0546,6000
0.05465,6000
0.0547,10000
0.05475,4000
0.0548,4000
0.05485,6000
0.0549,4000
0.05495,10000
0.055,6000
0.05505,4000
0.0551,2000
0.05515,10000
0.0552,2000
0.05525,4000
0.0553,12000
0.05535,4000
0.0554,6000
0.05545,12000
0.0555,6000
0.05555,4000
0.0556,2000
0.05565,6000
0.0557,6000
0.05575,10000
0.0558,2000
0.05585,2000
0.0559,8000
0.05595,8000
0.056,2000
0.05605,14000
0.0561,14000
0.05615,10000
0.0562,2000
0.05625,4000
0.0563,4000
0.05635,10000
0.0564,10000
0.05645,6000
0.0565,2000
0.05655,10000
0.0566,16000
0.05665,2000
0.0567,4000
0.05675,0
0.0568,8000
0.05685,2000
0.0569,2000
0.05695,8000
0.057,4000
0.05705,4000
0.0571,10000
0.05715,8000
0.0572,6000
0.05725,6000
0.0573,8000
0.05735,6000
0.0574,4000
0.05745,2000
0.0575,10000
0.05755,12000
0.0576,10000
0.05765,4000
0.0577,12000
0.05775,8000
0.0578,18000
0.05785,6000
0.0579,6000
0.05795,10000
0.058,6000
0.05805,8000
0.0581,4000
0.05815,6000
0.0582,8000
0.05825,8000
0.0583,6000
0.05835,8000
0.0584,10000
0.05845,6000
0.0585,14000
0.05855,4000
0.0586,4000
0.05865,6000
0.0587,6000
0.05875,4000
0.0588,2000
0.05885,12000
0.0589,14000
0.05895,4000
0.059,4000
0.05905,12000
0.0591,6000
0.05915,4000
0.0592,8000
0.05925,10000
0.0593,6000
0.05935,12000
0.0594,10000
0.05945,12000
0.0595,6000
0.05955,8000
0.0596,4000
0.05965,2000
0.0597,4000
0.05975,6000
0.0598,4000
0.05985,6000
0.0599,14000
0.05995,12000
0.06,6000
0.06005,8000
0.0601,6000
0.06015,4000
0.0602,10000
0.06025,4000
0.0603,4000
0.06035,6000
0.0604,2000
0.06045,12000
0.0605,8000
0.06055,14000
0.0606,6000
0.06065,2000
0.0607,4000
0.06075,4000
0.0608,6000
0.06085,6000
0.0609,8000
0.06095,6000
0.061,4000
0.06105,4000
0.0611,6000
0.06115,6000
0.0612,4000
0.06125,4000
0.0613,4000
0.06135,4000
0.0614,2000
0.06145,10000
0.0615,8000
0.06155,8000
0.0616,6000
0.06165,4000
0.0617,14000
0.06175,4000
0.0618,6000
0.06185,8000
0.0619,6000
0.06195,24000
0.062,10000
0.06205,10000
0.0621,6000
0.06215,8000
0.0622,2000
0.06225,8000
0.0623,6000
0.06235,16000
0.0624,4000
0.06245,8000
0.0625,2000
0.06255,10000
0.0626,6000
0.06265,12000
0.0627,4000
0.06275,6000
0.0628,6000
0.06285,4000
0.0629,10000
0.06295,8000
0.063,4000
0.06305,6000
0.0631,4000
0.06315,4000
0.0632,10000
0.06325,8000
0.0633,12000
0.06335,6000
0.0634,2000
0.06345,8000
0.0635,4000
0.06355,6000
0.0636,4000
0.06365,6000
0.0637,14000
0.06375,14000
0.0638,6000
0.06385,6000
0.0639,8000
0.06395,2000
0.064,10000
0.06405,10000
0.0641,6000
0.06415,12000
0.0642,10000
0.06425,2000
0.0643,6000
0.06435,16000
0.0644,10000
0.06445,6000
0.0645,10000
0.06455,6000
0.0646,6000
0.06465,0
0.0647,4000
0.06475,8000
0.0648,10000
0.06485,4000
0.0649,2000
0.06495,4000
0.065,4000
0.06505,8000
0.0651,8000
0.06515,8000
0.0652,10000
0.06525,6000
0.0653,10000
0.06535,6000
0.0654,8000
0.06545,10000
0.0655,10000
0.06555,6000
0.0656,6000
0.06565,12000
0.0657,2000
0.06575,12000
0.0658,12000
0.06585,12000
0.0659,4000
0.06595,12000
0.066,4000
0.06605,2000
0.0661,4000
0.06615,12000
0.0662,10000
0.06625,12000
0.0663,4000
0.06635,4000
0.0664,8000
0.06645,2000
0.0665,8000
0.06655,14000
0.0666,4000
0.06665,2000
0.0667,4000
0.06675,12000
0.0668,8000
0.06685,8000
0.0669,8000
0.06695,6000
0.067,8000
0.06705,4000
0.0671,10000
0.06715,10000
0.0672,8000
0.06725,8000
0.0673,8000
0.06735,10000
0.0674,12000
0.06745,6000
0.0675,0
0.06755,4000
0.0676,8000
0.06765,0
0.0677,10000
0.06775,2000
0.0678,20000
0.06785,6000
0.0679,10000
0.06795,6000
0.068,8000
0.06805,10000
0.0681,12000
0.06815,10000
0.0682,6000
0.06825,8000
0.0683,2000
0.06835,8000
0.0684,2000
0.06845,6000
0.0685,8000
0.06855,6000
0.0686,4000
0.06865,6000
0.0687,8000
0.06875,10000
0.0688,12000
0.06885,8000
0.0689,14000
0.06895,6000
0.069,6000
0.06905,4000
0.0691,2000
0.06915,6000
0.0692,6000
0.06925,2000
0.0693,4000
0.06935,0
0.0694,6000
0.06945,2000
0.0695,2000
0.06955,10000
0.0696,4000
0.06965,10000
0.0697,2000
0.06975,8000
0.0698,10000
0.06985,4000
0.0699,4000
0.06995,6000
0.07,8000
0.07005,6000
0.0701,8000
0.07015,8000
0.0702,4000
0.07025,10000
0.0703,12000
0.07035,12000
0.0704,14000
0.07045,10000
0.0705,2000
0.07055,6000
0.0706,12000
0.07065,6000
0.0707,8000
0.07075,14000
0.0708,8000
0.07085,2000
0.0709,2000
0.07095,2000
0.071,8000
0.07105,6000
0.0711,6000
0.07115,10000
0.0712,2000
0.07125,4000
0.0713,4000
0.07135,8000
0.0714,14000
0.07145,12000
0.0715,6000
0.07155,4000
0.0716,12000
0.07165,6000
0.0717,4000
0.07175,4000
0.0718,14000
0.07185,10000
0.0719,6000
0.07195,2000
0.072,6000
0.07205,6000
0.0721,6000
0.07215,4000
0.0722,8000
0.07225,6000
0.0723,8000
0.07235,4000
0.0724,4000
0.07245,8000
0.0725,16000
0.07255,6000
0.0726,4000
0.07265,0
0.0727,8000
0.07275,2000
0.0728,2000
0.07285,2000
0.0729,2000
0.07295,12000
0.073,6000
0.07305,6000
0.0731,10000
0.07315,8000
0.0732,6000
0.07325,12000
0.0733,8000
0.07335,4000
0.0734,8000
0.07345,8000
0.0735,6000
0.07355,6000
0.0736,6000
0.07365,2000
0.0737,4000
0.07375,6000
0.0738,10000
0.07385,4000
0.0739,6000
0.07395,6000
0.074,4000
0.07405,4000
0.0741,6000
0.07415,6000
0.0742,6000
0.07425,6000
0.0743,2000
0.07435,2000
0.0744,10000
0.07445,8000
0.0745,8000
0.07455,2000
0.0746,8000
0.07465,2000
0.0747,0
0.07475,10000
0.0748,14000
0.07485,2000
0.0749,6000
0.07495,8000
0.075,2000
0.07505,12000
0.0751,8000
0.07515,6000
0.0752,4000
0.07525,4000
0.0753,6000
0.07535,10000
0.0754,2000
0.07545,0
0.0755,8000
0.07555,4000
0.0756,4000
0.07565,2000
0.0757,4000
0.07575,2000
0.0758,10000
0.07585,4000
0.0759,6000
0.07595,6000
0.076,10000
0.07605,8000
0.0761,8000
0.07615,6000
0.0762,12000
0.07625,6000
0.0763,4000
0.07635,2000
0.0764,6000
0.07645,6000
0.0765,10000
0.07655,10000
0.0766,8000
0.07665,4000
0.0767,6000
0.07675,8000
0.0768,8000
0.07685,8000
0.0769,2000
0.07695,4000
0.077,4000
0.07705,12000
0.0771,4000
0.07715,4000
0.0772,2000
0.07725,8000
0.0773,6000
0.07735,8000
0.0774,10000
0.07745,6000
0.0775,10000
0.07755,4000
0.0776,10000
0.07765,4000
0.0777,6000
0.07775,8000
0.0778,0
0.07785,18000
0.0779,8000
0.07795,12000
0.078,10000
0.07805,8000
0.0781,0
0.07815,4000
0.0782,6000
0.07825,22000
0.0783,2000
0.07835,12000
0.0784,6000
0.07845,6000
0.0785,2000
0.07855,4000
0.0786,8000
0.07865,2000
0.0787,6000
0.07875,6000
0.0788,2000
0.07885,8000
0.0789,10000
0.07895,8000
0.079,2000
0.07905,6000
0.0791,8000
0.07915,4000
0.0792,8000
0.07925,8000
0.0793,8000
0.07935,8000
0.0794,10000
0.07945,8000
0.0795,8000
0.07955,12000
0.0796,14000
0.07965,10000
0.0797,4000
0.07975,8000
0.0798,12000
0.07985,12000
0.0799,6000
0.07995,14000
0.08,10000
0.08005,10000
0.0801,16000
0.08015,0
0.0802,10000
0.08025,6000
0.0803,10000
0.08035,8000
0.0804,6000
0.08045,14000
0.0805,6000
0.08055,10000
0.0806,16000
0.08065,10000
0.0807,10000
0.08075,4000
0.0808,6000
0.08085,10000
0.0809,4000
0.08095,2000
0.081,2000
0.08105,4000
0.0811,2000
0.08115,2000
0.0812,10000
0.08125,6000
0.0813,8000
0.08135,4000
0.0814,6000
0.08145,6000
0.0815,12000
0.08155,12000
0.0816,6000
0.08165,10000
0.0817,4000
0.08175,6000
0.0818,6000
0.08185,4000
0.0819,2000
0.08195,8000
0.082,4000
0.08205,4000
0.0821,6000
0.08215,12000
0.0822,16000
0.08225,6000
0.0823,14000
0.08235,4000
0.0824,6000
0.08245,6000
0.0825,2000
0.08255,12000
0.0826,0
0.08265,12000
0.0827,4000
0.08275,4000
0.0828,8000
0.08285,10000
0.0829,6000
0.08295,4000
0.083,2000
0.08305,6000
0.0831,4000
0.08315,6000
0.0832,14000
0.08325,10000
0.0833,8000
0.08335,6000
0.0834,10000
0.08345,4000
0.0835,4000
0.08355,4000
0.0836,6000
0.08365,6000
0.0837,8000
0.08375,6000
0.0838,2000
0.08385,12000
0.0839,16000
0.08395,8000
0.084,8000
0.08405,8000
0.0841,10000
0.08415,12000
0.0842,8000
0.08425,2000
0.0843,8000
0.08435,12000
0.0844,10000
0.08445,0
0.0845,2000
0.08455,4000
0.0846,12000
0.08465,8000
0.0847,2000
0.08475,6000
0.0848,8000
0.08485,8000
0.0849,6000
0.08495,6000
0.085,6000
0.08505,8000
0.0851,6000
0.08515,2000
0.0852,4000
0.08525,12000
0.0853,4000
0.08535,4000
0.0854,2000
0.08545,10000
0.0855,8000
0.08555,2000
0.0856,4000
0.08565,8000
0.0857,6000
0.08575,6000
0.0858,10000
0.08585,4000
0.0859,2000
0.08595,2000
0.086,6000
0.08605,2000
0.0861,12000
0.08615,6000
0.0862,6000
0.08625,6000
0.0863,2000
0.08635,16000
0.0864,4000
0.08645,4000
0.0865,16000
0.08655,20000
0.0866,6000
0.08665,4000
0.0867,6000
0.08675,4000
0.0868,8000
0.08685,0
0.0869,4000
0.08695,4000
0.087,4000
0.08705,8000
0.0871,12000
0.08715,6000
0.0872,10000
0.08725,4000
0.0873,14000
0.08735,8000
0.0874,6000
0.08745,6000
0.0875,4000
0.08755,8000
0.0876,10000
0.08765,8000
0.0877,4000
0.08775,6000
0.0878,2000
0.08785,2000
0.0879,2000
0.08795,12000
0.088,12000
0.08805,2000
0.0881,4000
0.08815,16000
0.0882,6000
0.08825,6000
0.0883,10000
0.08835,6000
0.0884,8000
0.08845,6000
0.0885,10000
0.08855,10000
0.0886,2000
0.08865,6000
0.0887,6000
0.08875,16000
0.0888,8000
0.08885,0
0.0889,8000
0.08895,2000
0.089,6000
0.08905,4000
0.0891,10000
0.08915,4000
0.0892,2000
0.08925,2000
0.0893,10000
0.08935,2000
0.0894,10000
0.08945,8000
0.0895,8000
0.08955,10000
0.0896,6000
0.08965,4000
0.0897,0
0.08975,6000
0.0898,16000
0.08985,6000
0.0899,2000
0.08995,14000
0.09,6000
0.09005,12000
0.0901,8000
0.09015,6000
0.0902,10000
0.09025,6000
0.0903,4000
0.09035,4000
0.0904,8000
0.09045,14000
0.0905,0
0.09055,6000
0.0906,12000
0.09065,2000
0.0907,4000
0.09075,4000
0.0908,2000
0.09085,6000
0.0909,8000
0.09095,8000
0.091,10000
0.09105,12000
0.0911,10000
0.09115,8000
0.0912,6000
0.09125,6000
0.0913,6000
0.09135,6000
0.0914,6000
0.09145,0
0.0915,8000
0.09155,14000
0.0916,10000
0.09165,8000
0.0917,10000
0.09175,10000
0.0918,4000
0.09185,6000
0.0919,6000
0.09195,12000
0.092,6000
0.09205,2000
0.0921,4000
0.09215,4000
0.0922,6000
0.09225,10000
0.0923,6000
0.09235,4000
0.0924,6000
0.09245,4000
0.0925,4000
0.09255,8000
0.0926,8000
0.09265,10000
0.0927,2000
0.09275,8000
0.0928,10000
0.09285,8000
0.0929,8000
0.09295,8000
0.093,4000
0.09305,10000
0.0931,16000
0.09315,10000
0.0932,8000
0.09325,0
0.0933,6000
0.09335,6000
0.0934,2000
0.09345,4000
0.0935,2000
0.09355,2000
0.0936,0
0.09365,12000
0.0937,8000
0.09375,10000
0.0938,0
0.09385,10000
0.0939,4000
0.09395,14000
0.094,10000
0.09405,6000
0.0941,4000
0.09415,2000
0.0942,4000
0.09425,8000
0.0943,12000
0.09435,4000
0.0944,10000
0.09445,6000
0.0945,12000
0.09455,16000
0.0946,4000
0.09465,2000
0.0947,10000
0.09475,8000
0.0948,8000
0.09485,4000
0.0949,4000
0.09495,10000
0.095,4000
0.09505,2000
0.0951,10000
0.09515,8000
0.0952,8000
0.09525,8000
0.0953,10000
0.09535,10000
0.0954,8000
0.09545,8000
0.0955,8000
0.09555,6000
0.0956,2000
0.09565,0
0.0957,6000
0.09575,6000
0.0958,6000
0.09585,8000
0.0959,6000
0.09595,14000
0.096,4000
0.09605,10000
0.0961,8000
0.09615,2000
0.0962,0
0.09625,4000
0.0963,4000
0.09635,4000
0.0964,6000
0.09645,12000
0.0965,6000
0.09655,2000
0.0966,2000
0.09665,0
0.0967,6000
0.09675,12000
0.0968,6000
0.09685,2000
0.0969,8000
0.09695,10000
0.097,10000
0.09705,4000
0.0971,4000
0.09715,6000
0.0972,12000
0.09725,2000
0.0973,2000
0.09735,6000
0.0974,8000
0.09745,8000
0.0975,6000
0.09755,2000
0.0976,8000
0.09765,8000
0.0977,6000
0.09775,6000
0.0978,12000
0.09785,10000
0.0979,6000
0.09795,4000
0.098,6000
0.09805,6000
0.0981,4000
0.09815,6000
0.0982,4000
0.09825,6000
0.0983,8000
0.09835,6000
0.0984,12000
0.09845,0
0.0985,2000
0.09855,10000
0.0986,4000
0.09865,0
0.0987,4000
0.09875,4000
0.0988,0
0.09885,12000
0.0989,12000
0.09895,10000
0.099,2000
0.09905,8000
0.0991,0
0.09915,2000
0.0992,6000
0.09925,10000
0.0993,16000
0.09935,6000
0.0994,8000
0.09945,2000
0.0995,10000
0.09955,2000
0.0996,2000
0.09965,6000
0.0997,6000
0.09975,12000
0.0998,12000
0.09985,8000
0.0999,4000
0.09995,6000
0.1,14000
0.10005,8000
0.1001,2000
0.10015,12000
0.1002,12000
0.10025,6000
0.1003,10000
0.10035,8000
0.1004,6000
0.10045,6000
0.1005,2000
0.10055,8000
0.1006,4000
0.10065,12000
0.1007,2000
0.10075,6000
0.1008,4000
0.10085,8000
0.1009,6000
0.10095,6000
0.101,10000
0.10105,16000
0.1011,4000
0.10115,0
0.1012,6000
0.10125,8000
0.1013,6000
0.10135,0
0.1014,6000
0.10145,8000
0.1015,12000
0.10155,10000
0.1016,4000
0.10165,2000
0.1017,8000
0.10175,4000
0.1018,4000
0.10185,10000
0.1019,2000
0.10195,0
0.102,6000
0.10205,8000
0.1021,10000
0.10215,6000
0.1022,10000
0.10225,4000
0.1023,2000
0.10235,8000
0.1024,2000
0.10245,2000
0.1025,4000
0.10255,2000
0.1026,4000
0.10265,4000
0.1027,6000
0.10275,4000
0.1028,4000
0.10285,0
0.1029,2000
0.10295,6000
0.103,0
0.10305,4000
0.1031,6000
0.10315,12000
0.1032,10000
0.10325,6000
0.1033,8000
0.10335,2000
0.1034,10000
0.10345,4000
0.1035,8000
0.10355,12000
0.1036,4000
0.10365,6000
0.1037,4000
0.10375,12000
0.1038,2000
0.10385,6000
0.1039,10000
0.10395,4000
0.104,0
0.10405,10000
0.1041,4000
0.10415,4000
0.1042,6000
0.10425,14000
0.1043,6000
0.10435,6000
0.1044,2000
0.10445,6000
0.1045,4000
0.10455,2000
0.1046,0
0.10465,10000
0.1047,10000
0.10475,6000
0.1048,4000
0.10485,0
0.1049,2000
0.10495,2000
0.105,8000
0.10505,10000
0.1051,8000
0.10515,2000
0.1052,8000
0.10525,6000
0.1053,4000
0.10535,10000
0.1054,2000
0.10545,6000
0.1055,4000
0.10555,2000
0.1056,6000
0.10565,6000
0.1057,6000
0.10575,4000
0.1058,4000
0.10585,0
0.1059,14000
0.10595,6000
0.106,2000
0.10605,0
0.1061,6000
0.10615,2000
0.1062,8000
0.10625,2000
0.1063,10000
0.10635,6000
0.1064,0
0.10645,10000
0.1065,16000
0.10655,8000
0.1066,6000
0.10665,4000
0.1067,14000
0.10675,4000
0.1068,8000
0.10685,6000
0.1069,10000
0.10695,4000
0.107,0
0.10705,4000
0.1071,8000
0.10715,10000
0.1072,2000
0.10725,0
0.1073,2000
0.10735,8000
0.1074,6000
0.10745,10000
0.1075,2000
0.10755,6000
0.1076,6000
0.10765,6000
0.1077,12000
0.10775,4000
0.1078,6000
0.10785,8000
0.1079,14000
0.10795,8000
0.108,4000
0.10805,6000
0.1081,8000
0.10815,10000
0.1082,6000
0.10825,6000
0.1083,10000
0.10835,12000
0.1084,12000
0.10845,8000
0.1085,6000
0.10855,6000
0.1086,10000
0.10865,8000
0.1087,4000
0.10875,2000
0.1088,10000
0.10885,8000
0.1089,10000
0.10895,14000
0.109,16000
0.10905,2000
0.1091,12000
0.10915,8000
0.1092,8000
0.10925,2000
0.1093,6000
0.10935,2000
0.1094,2000
0.10945,2000
0.1095,8000
0.10955,2000
0.1096,4000
0.10965,4000
0.1097,6000
0.10975,2000
0.1098,2000
0.10985,4000
0.1099,16000
0.10995,10000
0.11,4000
0.11005,4000
0.1101,4000
0.11015,12000
0.1102,4000
0.11025,6000
0.1103,4000
0.11035,8000
0.1104,4000
0.11045,6000
0.1105,8000
0.11055,6000
0.1106,10000
0.11065,2000
0.1107,8000
0.11075,8000
0.1108,10000
0.11085,2000
0.1109,8000
0.11095,2000
0.111,2000
0.11105,2000
0.1111,8000
0.11115,4000
0.1112,6000
0.11125,6000
0.1113,4000
0.11135,2000
0.1114,8000
0.11145,0
0.1115,20000
0.11155,0
0.1116,10000
0.11165,6000
0.1117,4000
0.11175,6000
0.1118,10000
0.11185,6000
0.1119,8000
0.11195,4000
0.112,8000
0.11205,8000
0.1121,6000
0.11215,12000
0.1122,8000
0.11225,6000
0.1123,4000
0.11235,2000
0.1124,6000
0.11245,16000
0.1125,10000
0.11255,12000
0.1126,6000
0.11265,6000
0.1127,8000
0.11275,10000
0.1128,12000
0.11285,0
0.1129,4000
0.11295,4000
0.113,4000
0.11305,6000
0.1131,12000
0.11315,10000
0.1132,4000
0.11325,4000
0.1133,2000
0.11335,6000
0.1134,6000
0.11345,4000
0.1135,4000
0.11355,2000
0.1136,6000
0.11365,10000
0.1137,6000
0.11375,6000
0.1138,14000
0.11385,2000
0.1139,8000
0.11395,12000
0.114,4000
0.11405,6000
0.1141,6000
0.11415,4000
0.1142,4000
0.11425,6000
0.1143,0
0.11435,12000
0.1144,0
0.11445,8000
0.1145,2000
0.11455,10000
0.1146,2000
0.11465,4000
0.1147,2000
0.11475,10000
0.1148,6000
0.11485,14000
0.1149,4000
0.11495,4000
0.115,8000
0.11505,8000
0.1151,6000
0.11515,4000
0.1152,8000
0.11525,4000
0.1153,2000
0.11535,2000
0.1154,6000
0.11545,0
0.1155,6000
0.11555,0
0.1156,10000
0.11565,4000
0.1157,4000
0.11575,6000
0.1158,6000
0.11585,8000
0.1159,2000
0.11595,2000
0.116,8000
0.11605,2000
0.1161,14000
0.11615,10000
0.1162,10000
0.11625,10000
0.1163,10000
0.11635,4000
0.1164,8000
0.11645,14000
0.1165,8000
0.11655,10000
0.1166,8000
0.11665,14000
0.1167,10000
0.11675,6000
0.1168,6000
0.11685,4000
0.1169,2000
0.11695,4000
0.117,6000
0.11705,0
0.1171,2000
0.11715,8000
0.1172,6000
0.11725,8000
0.1173,2000
0.11735,8000
0.1174,0
0.11745,8000
0.1175,2000
0.11755,10000
0.1176,8000
0.11765,10000
0.1177,10000
0.11775,4000
0.1178,4000
0.11785,0
0.1179,12000
0.11795,8000
0.118,8000
0.11805,10000
0.1181,2000
0.11815,2000
0.1182,6000
0.11825,2000
0.1183,2000
0.11835,6000
0.1184,12000
0.11845,4000
0.1185,6000
0.11855,0
0.1186,4000
0.11865,10000
0.1187,16000
0.11875,4000
0.1188,6000
0.11885,4000
0.1189,14000
0.11895,8000
0.119,8000
0.11905,2000
0.1191,8000
0.11915,6000
0.1192,2000
0.11925,2000
0.1193,0
0.11935,6000
0.1194,10000
0.11945,2000
0.1195,8000
0.11955,10000
0.1196,6000
0.11965,10000
0.1197,8000
0.11975,0
0.1198,2000
0.11985,4000
0.1199,2000
0.11995,12000
0.12,4000
0.12005,0
0.1201,2000
0.12015,4000
0.1202,4000
0.12025,8000
0.1203,2000
0.12035,4000
0.1204,4000
0.12045,8000
0.1205,8000
0.12055,6000
0.1206,6000
0.12065,8000
0.1207,4000
0.12075,6000
0.1208,4000
0.12085,6000
0.1209,10000
0.12095,0
0.121,2000
0.12105,8000
0.1211,2000
0.12115,6000
0.1212,8000
0.12125,2000
0.1213,6000
0.12135,16000
0.1214,2000
0.12145,6000
0.1215,14000
0.12155,16000
0.1216,4000
0.12165,2000
0.1217,6000
0.12175,2000
0.1218,12000
0.12185,4000
0.1219,10000
0.12195,2000
0.122,2000
0.12205,6000
0.1221,8000
0.12215,6000
0.1222,6000
0.12225,8000
0.1223,4000
0.12235,6000
0.1224,8000
0.12245,4000
0.1225,2000
0.12255,2000
0.1226,2000
0.12265,6000
0.1227,8000
0.12275,4000
0.1228,0
0.12285,4000
0.1229,4000
0.12295,6000
0.123,4000
0.12305,10000
0.1231,8000
0.12315,8000
0.1232,6000
0.12325,4000
0.1233,16000
0.12335,2000
0.1234,10000
0.12345,4000
0.1235,4000
0.12355,6000
0.1236,6000
0.12365,2000
0.1237,8000
0.12375,4000
0.1238,6000
0.12385,4000
0.1239,2000
0.12395,10000
0.124,6000
0.12405,2000
0.1241,14000
0.12415,2000
0.1242,6000
0.12425,10000
0.1243,4000
0.12435,8000
0.1244,12000
0.12445,6000
0.1245,2000
0.12455,4000
0.1246,4000
0.12465,4000
0.1247,4000
0.12475,8000
0.1248,6000
0.12485,10000
0.1249,8000
0.12495,6000
0.125,6000
0.12505,8000
0.1251,6000
0.12515,6000
0.1252,14000
0.12525,4000
0.1253,8000
0.12535,10000
0.1254,2000
0.12545,8000
0.1255,6000
0.12555,6000
0.1256,4000
0.12565,6000
0.1257,10000
0.12575,8000
0.1258,8000
0.12585,10000
0.1259,4000
0.12595,2000
0.126,2000
0.12605,8000
0.1261,10000
0.12615,8000
0.1262,4000
0.12625,2000
0.1263,2000
0.12635,10000
0.1264,8000
0.12645,8000
0.1265,8000
0.12655,12000
0.1266,8000
0.12665,2000
0.1267,10000
0.12675,6000
0.1268,16000
0.12685,8000
0.1269,6000
0.12695,6000
0.127,10000
0.12705,10000
0.1271,2000
0.12715,8000
0.1272,8000
0.12725,6000
0.1273,4000
0.12735,8000
0.1274,2000
0.12745,2000
0.1275,6000
0.12755,2000
0.1276,4000
0.12765,0
0.1277,12000
0.12775,2000
0.1278,0
0.12785,4000
0.1279,8000
0.12795,8000
0.128,14000
0.12805,6000
0.1281,6000
0.12815,2000
0.1282,8000
0.12825,6000
0.1283,6000
0.12835,10000
0.1284,8000
0.12845,8000
0.1285,4000
0.12855,4000
0.1286,6000
0.12865,4000
0.1287,14000
0.12875,12000
0.1288,2000
0.12885,8000
0.1289,10000
0.12895,2000
0.129,8000
0.12905,10000
0.1291,8000
0.12915,0
0.1292,2000
0.12925,6000
0.1293,6000
0.12935,6000
0.1294,4000
0.12945,6000
0.1295,8000
0.12955,16000
0.1296,0
0.12965,8000
0.1297,8000
0.12975,2000
0.1298,10000
0.12985,8000
0.1299,2000
0.12995,4000
0.13,8000
0.13005,2000
0.1301,4000
0.13015,8000
0.1302,0
0.13025,2000
0.1303,0
0.13035,6000
0.1304,8000
0.13045,4000
0.1305,0
0.13055,0
0.1306,0
0.13065,8000
0.1307,10000
0.13075,6000
0.1308,2000
0.13085,6000
0.1309,12000
0.13095,8000
0.131,4000
0.13105,2000
0.1311,2000
0.13115,6000
0.1312,6000
0.13125,10000
0.1313,2000
0.13135,2000
0.1314,4000
0.13145,6000
0.1315,0
0.13155,4000
0.1316,10000
0.13165,6000
0.1317,6000
0.13175,10000
0.1318,2000
0.13185,6000
0.1319,2000
0.13195,8000
0.132,10000
0.13205,6000
0.1321,8000
0.13215,4000
0.1322,4000
0.13225,10000
0.1323,8000
0.13235,2000
0.1324,6000
0.13245,4000
0.1325,4000
0.13255,8000
0.1326,2000
0.13265,2000
0.1327,4000
0.13275,4000
0.1328,8000
0.13285,14000
0.1329,8000
0.13295,2000
0.133,6000
0.13305,6000
0.1331,4000
0.13315,2000
0.1332,4000
0.13325,6000
0.1333,6000
0.13335,4000
0.1334,2000
0.13345,2000
0.1335,6000
0.13355,4000
0.1336,6000
0.13365,8000
0.1337,12000
0.13375,2000
0.1338,2000
0.13385,4000
0.1339,8000
0.13395,6000
0.134,6000
0.13405,6000
0.1341,2000
0.13415,6000
0.1342,4000
0.13425,8000
0.1343,2000
0.13435,2000
0.1344,8000
0.13445,8000
0.1345,2000
0.13455,2000
0.1346,8000
0.13465,14000
0.1347,4000
0.13475,12000
0.1348,6000
0.13485,10000
0.1349,6000
0.13495,4000
0.135,8000
0.13505,6000
0.1351,6000
0.13515,10000
0.1352,4000
0.13525,8000
0.1353,8000
0.13535,6000
0.1354,4000
0.13545,6000
0.1355,6000
0.13555,8000
0.1356,4000
0.13565,6000
0.1357,10000
0.13575,8000
0.1358,4000
0.13585,4000
0.1359,8000
0.13595,4000
0.136,8000
0.13605,4000
0.1361,8000
0.13615,2000
0.1362,6000
0.13625,4000
0.1363,12000
0.13635,12000
0.1364,4000
0.13645,4000
0.1365,8000
0.13655,4000
0.1366,4000
0.13665,6000
0.1367,4000
0.13675,6000
0.1368,2000
0.13685,2000
0.1369,6000
0.13695,10000
0.137,10000
0.13705,4000
0.1371,0
0.13715,0
0.1372,8000
0.13725,2000
0.1373,4000
0.13735,6000
0.1374,4000
0.13745,6000
0.1375,4000
0.13755,6000
0.1376,4000
0.13765,4000
0.1377,4000
0.13775,6000
0.1378,2000
0.13785,2000
0.1379,6000
0.13795,4000
0.138,4000
0.13805,4000
0.1381,4000
0.13815,2000
0.1382,2000
0.13825,6000
0.1383,6000
0.13835,10000
0.1384,8000
0.13845,4000
0.1385,8000
0.13855,6000
0.1386,4000
0.13865,10000
0.1387,6000
0.13875,4000
0.1388,8000
0.13885,8000
0.1389,4000
0.13895,6000
0.139,6000
0.13905,2000
0.1391,6000
0.13915,6000
0.1392,6000
0.13925,0
0.1393,4000
0.13935,6000
0.1394,4000
0.13945,6000
0.1395,2000
0.13955,0
0.1396,12000
0.13965,4000
0.1397,2000
0.13975,8000
0.1398,0
0.13985,6000
0.1399,2000
0.13995,2000
0.14,2000
0.14005,4000
0.1401,8000
0.14015,6000
0.1402,2000
0.14025,8000
0.1403,2000
0.14035,6000
0.1404,4000
0.14045,12000
0.1405,10000
0.14055,8000
0.1406,4000
0.14065,6000
0.1407,4000
0.14075,4000
0.1408,6000
0.14085,6000
0.1409,8000
0.14095,6000
0.141,0
0.14105,12000
0.1411,8000
0.14115,12000
0.1412,6000
0.14125,4000
0.1413,2000
0.14135,8000
0.1414,6000
0.14145,6000
0.1415,8000
0.14155,10000
0.1416,4000
0.14165,6000
0.1417,10000
0.14175,6000
0.1418,6000
0.14185,4000
0.1419,4000
0.14195,12000
0.142,8000
0.14205,2000
0.1421,12000
0.14215,0
0.1422,0
0.14225,6000
0.1423,10000
0.14235,12000
0.1424,6000
0.14245,6000
0.1425,10000
0.14255,8000
0.1426,6000
0.14265,2000
0.1427,4000
0.14275,8000
0.1428,4000
0.14285,4000
0.1429,0
0.14295,6000
0.143,4000
0.14305,4000
0.1431,8000
0.14315,6000
0.1432,0
0.14325,2000
0.1433,6000
0.14335,10000
0.1434,0
0.14345,12000
0.1435,4000
0.14355,14000
0.1436,8000
0.14365,6000
0.1437,6000
0.14375,2000
0.1438,6000
0.14385,4000
0.1439,2000
0.14395,6000
0.144,12000
0.14405,4000
0.1441,8000
0.14415,4000
0.1442,10000
0.14425,6000
0.1443,6000
0.14435,2000
0.1444,4000
0.14445,8000
0.1445,8000
0.14455,4000
0.1446,12000
0.14465,6000
0.1447,4000
0.14475,4000
0.1448,8000
0.14485,6000
0.1449,0
0.14495,2000
0.145,8000
0.14505,10000
0.1451,4000
0.14515,6000
0.1452,4000
0.14525,8000
0.1453,4000
0.14535,4000
0.1454,4000
0.14545,8000
0.1455,8000
0.14555,4000
0.1456,2000
0.14565,4000
0.1457,0
0.14575,4000
0.1458,2000
0.14585,4000
0.1459,6000
0.14595,2000
0.146,8000
0.14605,4000
0.1461,2000
0.14615,8000
0.1462,6000
0.14625,6000
0.1463,2000
0.14635,4000
0.1464,0
0.14645,10000
0.1465,4000
0.14655,2000
0.1466,4000
0.14665,4000
0.1467,0
0.14675,14000
0.1468,2000
0.14685,2000
0.1469,10000
0.14695,14000
0.147,4000
0.14705,2000
0.1471,6000
0.14715,4000
0.1472,4000
0.14725,2000
0.1473,6000
0.14735,6000
0.1474,18000
0.14745,4000
0.1475,4000
0.14755,8000
0.1476,2000
0.14765,8000
0.1477,6000
0.14775,10000
0.1478,6000
0.14785,8000
0.1479,8000
0.14795,0
0.148,0
0.14805,4000
0.1481,0
0.14815,4000
0.1482,14000
0.14825,6000
0.1483,0
0.14835,6000
0.1484,10000
0.14845,4000
0.1485,4000
0.14855,8000
0.1486,4000
0.14865,10000
0.1487,8000
0.14875,0
0.1488,4000
0.14885,12000
0.1489,4000
0.14895,4000
0.149,10000
0.14905,4000
0.1491,4000
0.14915,2000
0.1492,0
0.14925,6000
0.1493,4000
0.14935,8000
0.1494,2000
0.14945,8000
0.1495,6000
0.14955,10000
0.1496,6000
0.14965,4000
0.1497,4000
0.14975,4000
0.1498,4000
0.14985,0
0.1499,8000
0.14995,6000
0.15,6000
0.15005,6000
0.1501,4000
0.15015,8000
0.1502,4000
0.15025,4000
0.1503,2000
0.15035,2000
0.1504,8000
0.15045,6000
0.1505,4000
0.15055,4000
0.1506,0
0.15065,4000
0.1507,2000
0.15075,10000
0.1508,4000
0.15085,4000
0.1509,6000
0.15095,4000
0.151,6000
0.15105,2000
0.1511,10000
0.15115,2000
0.1512,8000
0.15125,6000
0.1513,4000
0.15135,12000
0.1514,6000
0.15145,6000
0.1515,0
0.15155,6000
0.1516,4000
0.15165,6000
0.1517,6000
0.15175,6000
0.1518,4000
0.15185,2000
0.1519,2000
0.15195,6000
0.152,4000
0.15205,4000
0.1521,10000
0.15215,4000
0.1522,12000
0.15225,4000
0.1523,8000
0.15235,4000
0.1524,6000
0.15245,4000
0.1525,4000
0.15255,6000
0.1526,2000
0.15265,2000
0.1527,4000
0.15275,4000
0.1528,4000
0.15285,2000
0.1529,2000
0.15295,6000
0.153,8000
0.15305,2000
0.1531,8000
0.15315,6000
0.1532,2000
0.15325,0
0.1533,6000
0.15335,4000
0.1534,8000
0.15345,8000
0.1535,4000
0.15355,4000
0.1536,2000
0.15365,4000
0.1537,4000
0.15375,4000
0.1538,8000
0.15385,6000
0.1539,6000
0.15395,2000
0.154,4000
0.15405,4000
0.1541,16000
0.15415,4000
0.1542,14000
0.15425,8000
0.1543,6000
0.15435,6000
0.1544,6000
0.15445,8000
0.1545,4000
0.15455,10000
0.1546,2000
0.15465,6000
0.1547,10000
0.15475,6000
0.1548,4000
0.15485,6000
0.1549,2000
0.15495,6000
0.155,0
0.15505,8000
0.1551,6000
0.15515,10000
0.1552,2000
0.15525,4000
0.1553,8000
0.15535,6000
0.1554,2000
0.15545,4000
0.1555,0
0.15555,4000
0.1556,4000
0.15565,6000
0.1557,8000
0.15575,4000
0.1558,8000
0.15585,6000
0.1559,12000
0.15595,12000
0.156,6000
0.15605,6000
0.1561,4000
0.15615,6000
0.1562,4000
0.15625,8000
0.1563,10000
0.15635,10000
0.1564,4000
0.15645,2000
0.1565,4000
0.15655,4000
0.1566,2000
0.15665,12000
0.1567,6000
0.15675,8000
0.1568,8000
0.15685,4000
0.1569,8000
0.15695,4000
0.157,6000
0.15705,6000
0.1571,6000
0.15715,8000
0.1572,2000
0.15725,8000
0.1573,4000
0.15735,12000
0.1574,4000
0.15745,4000
0.1575,2000
0.15755,6000
0.1576,2000
0.15765,8000
0.1577,2000
0.15775,14000
0.1578,2000
0.15785,8000
0.1579,6000
0.15795,2000
0.158,8000
0.15805,8000
0.1581,4000
0.15815,6000
0.1582,4000
0.15825,4000
0.1583,4000
0.15835,4000
0.1584,8000
0.15845,6000
0.1585,4000
0.15855,12000
0.1586,10000
0.15865,4000
0.1587,2000
0.15875,6000
0.1588,4000
0.15885,4000
0.1589,8000
0.15895,8000
0.159,8000
0.15905,10000
0.1591,0
0.15915,6000
0.1592,6000
0.15925,12000
0.1593,6000
0.15935,0
0.1594,8000
0.15945,0
0.1595,10000
0.15955,16000
0.1596,6000
0.15965,4000
0.1597,8000
0.15975,4000
0.1598,14000
0.15985,6000
0.1599,6000
0.15995,4000
0.16,6000
0.16005,2000
0.1601,4000
0.16015,4000
0.1602,4000
0.16025,2000
0.1603,6000
0.16035,0
0.1604,8000
0.16045,8000
0.1605,0
0.16055,6000
0.1606,4000
0.16065,8000
0.1607,6000
0.16075,4000
0.1608,6000
0.16085,4000
0.1609,2000
0.16095,8000
0.161,8000
0.16105,8000
0.1611,10000
0.16115,6000
0.1612,6000
0.16125,8000
0.1613,6000
0.16135,4000
0.1614,2000
0.16145,6000
0.1615,2000
0.16155,6000
0.1616,16000
0.16165,10000
0.1617,12000
0.16175,6000
0.1618,6000
0.16185,4000
0.1619,4000
0.16195,0
0.162,2000
0.16205,10000
0.1621,2000
0.16215,6000
0.1622,2000
0.16225,4000
0.1623,10000
0.16235,0
0.1624,8000
0.16245,8000
0.1625,4000
0.16255,4000
0.1626,6000
0.16265,10000
0.1627,2000
0.16275,8000
0.1628,6000
0.16285,6000
0.1629,14000
0.16295,2000
0.163,0
0.16305,10000
0.1631,2000
0.16315,0
0.1632,4000
0.16325,4000
0.1633,0
0.16335,2000
0.1634,0
0.16345,8000
0.1635,10000
0.16355,10000
0.1636,4000
0.16365,6000
0.1637,4000
0.16375,6000
0.1638,4000
0.16385,2000
0.1639,12000
0.16395,4000
0.164,8000
0.16405,6000
0.1641,6000
0.16415,4000
0.1642,6000
0.16425,8000
0.1643,10000
0.16435,8000
0.1644,2000
0.16445,6000
0.1645,4000
0.16455,8000
0.1646,2000
0.16465,6000
0.1647,6000
0.16475,6000
0.1648,4000
0.16485,8000
0.1649,12000
0.16495,6000
0.165,10000
0.16505,8000
0.1651,2000
0.16515,4000
0.1652,8000
0.16525,4000
0.1653,6000
0.16535,2000
0.1654,2000
0.16545,4000
0.1655,6000
0.16555,6000
0.1656,4000
0.16565,8000
0.1657,14000
0.16575,6000
0.1658,2000
0.16585,8000
0.1659,4000
0.16595,8000
0.166,8000
0.16605,6000
0.1661,18000
0.16615,4000
0.1662,8000
0.16625,8000
0.1663,6000
0.16635,6000
0.1664,6000
0.16645,2000
0.1665,6000
0.16655,2000
0.1666,4000
0.16665,2000
0.1667,6000
0.16675,6000
0.1668,8000
0.16685,0
0.1669,2000
0.16695,8000
0.167,6000
0.16705,6000
0.1671,4000
0.16715,6000
0.1672,8000
0.16725,8000
0.1673,4000
0.16735,12000
0.1674,4000
0.16745,12000
0.1675,10000
0.16755,8000
0.1676,4000
0.16765,2000
0.1677,8000
0.16775,4000
0.1678,8000
0.16785,6000
0.1679,0
0.16795,10000
0.168,8000
0.16805,6000
0.1681,14000
0.16815,8000
0.1682,2000
0.16825,10000
0.1683,10000
0.16835,4000
0.1684,10000
0.16845,6000
0.1685,6000
0.16855,6000
0.1686,8000
0.16865,8000
0.1687,4000
0.16875,2000
0.1688,2000
0.16885,4000
0.1689,8000
0.16895,4000
0.169,8000
0.16905,4000
0.1691,8000
0.16915,6000
0.1692,4000
0.16925,2000
0.1693,2000
0.16935,12000
0.1694,6000
0.16945,6000
0.1695,0
0.16955,4000
0.1696,4000
0.16965,4000
0.1697,2000
0.16975,0
0.1698,4000
0.16985,4000
0.1699,4000
0.16995,6000
0.17,4000
0.17005,0
0.1701,8000
0.17015,4000
0.1702,8000
0.17025,6000
0.1703,4000
0.17035,10000
0.1704,4000
0.17045,0
0.1705,4000
0.17055,0
0.1706,6000
0.17065,2000
0.1707,12000
0.17075,2000
0.1708,4000
0.17085,0
0.1709,6000
0.17095,10000
0.171,6000
0.17105,8000
0.1711,4000
0.17115,8000
0.1712,4000
0.17125,2000
0.1713,6000
0.17135,6000
0.1714,6000
0.17145,8000
0.1715,8000
0.17155,10000
0.1716,8000
0.17165,6000
0.1717,6000
0.17175,8000
0.1718,4000
0.17185,4000
0.1719,4000
0.17195,4000
0.172,2000
0.17205,8000
0.1721,2000
0.17215,4000
0.1722,2000
0.17225,8000
0.1723,14000
0.17235,10000
0.1724,0
0.17245,2000
0.1725,12000
0.17255,6000
0.1726,4000
0.17265,14000
0.1727,0
0.17275,8000
0.1728,8000
0.17285,6000
0.1729,6000
0.17295,10000
0.173,6000
0.17305,6000
0.1731,0
0.17315,2000
0.1732,2000
0.17325,4000
0.1733,4000
0.17335,2000
0.1734,6000
0.17345,6000
0.1735,2000
0.17355,2000
0.1736,4000
0.17365,6000
0.1737,12000
0.17375,6000
0.1738,6000
0.17385,6000
0.1739,6000
0.17395,2000
0.174,4000
0.17405,8000
0.1741,12000
0.17415,2000
0.1742,8000
0.17425,8000
0.1743,6000
0.17435,10000
0.1744,18000
0.17445,10000
0.1745,6000
0.17455,4000
0.1746,8000
0.17465,4000
0.1747,8000
0.17475,4000
0.1748,2000
0.17485,2000
0.1749,4000
0.17495,2000
0.175,6000
0.17505,6000
0.1751,6000
0.17515,8000
0.1752,2000
0.17525,8000
0.1753,10000
0.17535,6000
0.1754,10000
0.17545,2000
0.1755,4000
0.17555,6000
0.1756,4000
0.17565,2000
0.1757,8000
0.17575,8000
0.1758,4000
0.17585,2000
0.1759,6000
0.17595,6000
0.176,4000
0.17605,2000
0.1761,12000
0.17615,6000
0.1762,0
0.17625,6000
0.1763,2000
0.17635,8000
0.1764,2000
0.17645,8000
0.1765,6000
0.17655,4000
0.1766,2000
0.17665,16000
0.1767,4000
0.17675,4000
0.1768,16000
0.17685,4000
0.1769,0
0.17695,8000
0.177,8000
0.17705,4000
0.1771,0
0.17715,4000
0.1772,8000
0.17725,2000
0.1773,8000
0.17735,4000
0.1774,8000
0.17745,8000
0.1775,8000
0.17755,6000
0.1776,0
0.17765,10000
0.1777,6000
0.17775,4000
0.1778,4000
0.17785,4000
0.1779,8000
0.17795,6000
0.178,6000
0.17805,4000
0.1781,10000
0.17815,6000
0.1782,8000
0.17825,10000
0.1783,6000
0.17835,8000
0.1784,6000
0.17845,8000
0.1785,10000
0.17855,4000
0.1786,2000
0.17865,4000
0.1787,10000
0.17875,8000
0.1788,0
0.17885,8000
0.1789,0
0.17895,4000
0.179,6000
0.17905,6000
0.1791,6000
0.17915,8000
0.1792,4000
0.17925,10000
0.1793,2000
0.17935,8000
0.1794,8000
0.17945,6000
0.1795,10000
0.17955,2000
0.1796,8000
0.17965,12000
0.1797,6000
0.17975,2000
0.1798,4000
0.17985,8000
0.1799,2000
0.17995,8000
0.18,6000
0.18005,12000
0.1801,4000
0.18015,10000
0.1802,4000
0.18025,2000
0.1803,10000
0.18035,4000
0.1804,6000
0.18045,6000
0.1805,4000
0.18055,8000
0.1806,10000
0.18065,6000
0.1807,4000
0.18075,2000
0.1808,8000
0.18085,12000
0.1809,2000
0.18095,2000
0.181,4000
0.18105,2000
0.1811,6000
0.18115,6000
0.1812,6000
0.18125,8000
0.1813,4000
0.18135,4000
0.1814,0
0.18145,6000
0.1815,4000
0.18155,0
0.1816,2000
0.18165,2000
0.1817,2000
0.18175,2000
0.1818,8000
0.18185,6000
0.1819,6000
0.18195,10000
0.182,6000
0.18205,4000
0.1821,2000
0.18215,4000
0.1822,6000
0.18225,6000
0.1823,8000
0.18235,0
0.1824,6000
0.18245,4000
0.1825,4000
0.18255,10000
0.1826,12000
0.18265,6000
0.1827,8000
0.18275,4000
0.1828,10000
0.18285,16000
0.1829,10000
0.18295,2000
0.183,0
0.18305,8000
0.1831,10000
0.18315,2000
0.1832,6000
0.18325,6000
0.1833,14000
0.18335,6000
0.1834,4000
0.18345,2000
0.1835,2000
0.18355,2000
0.1836,2000
0.18365,2000
0.1837,8000
0.18375,4000
0.1838,6000
0.18385,6000
0.1839,2000
0.18395,6000
0.184,6000
0.18405,0
0.1841,0
0.18415,8000
0.1842,8000
0.18425,6000
0.1843,10000
0.18435,4000
0.1844,10000
0.18445,4000
0.1845,8000
0.18455,10000
0.1846,4000
0.18465,6000
0.1847,6000
0.18475,4000
0.1848,2000
0.18485,10000
0.1849,10000
0.18495,12000
0.185,8000
0.18505,6000
0.1851,0
0.18515,4000
0.1852,4000
0.18525,12000
0.1853,4000
0.18535,2000
0.1854,12000
0.18545,2000
0.1855,10000
0.18555,4000
0.1856,6000
0.18565,6000
0.1857,8000
0.18575,8000
0.1858,14000
0.18585,4000
0.1859,10000
0.18595,10000
0.186,16000
0.18605,4000
0.1861,4000
0.18615,2000
0.1862,10000
0.18625,2000
0.1863,12000
0.18635,6000
0.1864,8000
0.18645,8000
0.1865,6000
0.18655,2000
0.1866,2000
0.18665,8000
0.1867,6000
0.18675,6000
0.1868,10000
0.18685,2000
0.1869,2000
0.18695,10000
0.187,2000
0.18705,12000
0.1871,6000
0.18715,8000
0.1872,8000
0.18725,8000
0.1873,8000
0.18735,6000
0.1874,2000
0.18745,2000
0.1875,4000
0.18755,2000
0.1876,8000
0.18765,4000
0.1877,4000
0.18775,6000
0.1878,10000
0.18785,6000
0.1879,0
0.18795,2000
0.188,2000
0.18805,4000
0.1881,4000
0.18815,4000
0.1882,2000
0.18825,2000
0.1883,10000
0.18835,4000
0.1884,4000
0.18845,6000
0.1885,10000
0.18855,10000
0.1886,2000
0.18865,8000
0.1887,4000
0.18875,2000
0.1888,8000
0.18885,10000
0.1889,0
0.18895,6000
0.189,6000
0.18905,12000
0.1891,8000
0.18915,6000
0.1892,2000
0.18925,10000
0.1893,8000
0.18935,4000
0.1894,12000
0.18945,6000
0.1895,6000
0.18955,4000
0.1896,6000
0.18965,8000
0.1897,0
0.18975,14000
0.1898,8000
0.18985,8000
0.1899,6000
0.18995,6000
0.19,6000
0.19005,2000
0.1901,8000
0.19015,2000
0.1902,4000
0.19025,6000
0.1903,10000
0.19035,12000
0.1904,4000
0.19045,2000
0.1905,4000
0.19055,0
0.1906,10000
0.19065,4000
0.1907,12000
0.19075,8000
0.1908,4000
0.19085,8000
0.1909,8000
0.19095,10000
0.191,4000
0.19105,6000
0.1911,8000
0.19115,14000
0.1912,2000
0.19125,6000
0.1913,8000
0.19135,4000
0.1914,6000
0.19145,2000
0.1915,4000
0.19155,8000
0.1916,6000
0.19165,6000
0.1917,0
0.19175,6000
0.1918,6000
0.19185,8000
0.1919,0
0.19195,6000
0.192,8000
0.19205,10000
0.1921,4000
0.19215,8000
0.1922,2000
0.19225,4000
0.1923,4000
0.19235,14000
0.1924,0
0.19245,4000
0.1925,6000
0.19255,8000
0.1926,4000
0.19265,10000
0.1927,6000
0.19275,10000
0.1928,2000
0.19285,6000
0.1929,4000
0.19295,6000
0.193,8000
0.19305,6000
0.1931,8000
0.19315,8000
0.1932,0
0.19325,4000
0.1933,2000
0.19335,10000
0.1934,0
0.19345,6000
0.1935,10000
0.19355,4000
0.1936,10000
0.19365,6000
0.1937,0
0.19375,4000
0.1938,6000
0.19385,0
0.1939,2000
0.19395,6000
0.194,8000
0.19405,2000
0.1941,4000
0.19415,4000
0.1942,0
0.19425,6000
0.1943,10000
0.19435,6000
0.1944,2000
0.19445,2000
0.1945,10000
0.19455,6000
0.1946,2000
0.19465,2000
0.1947,4000
0.19475,6000
0.1948,8000
0.19485,6000
0.1949,8000
0.19495,16000
0.195,4000
0.19505,16000
0.1951,10000
0.19515,4000
0.1952,6000
0.19525,4000
0.1953,6000
0.19535,14000
0.1954,2000
0.19545,8000
0.1955,6000
0.19555,12000
0.1956,6000
0.19565,4000
0.1957,4000
0.19575,2000
0.1958,6000
0.19585,8000
0.1959,4000
0.19595,4000
0.196,8000
0.19605,6000
0.1961,12000
0.19615,6000
0.1962,6000
0.19625,10000
0.1963,10000
0.19635,8000
0.1964,0
0.19645,8000
0.1965,4000
0.19655,2000
0.1966,2000
0.19665,6000
0.1967,4000
0.19675,12000
0.1968,4000
0.19685,6000
0.1969,4000
0.19695,12000
0.197,2000
0.19705,10000
0.1971,4000
0.19715,8000
0.1972,8000
0.19725,4000
0.1973,10000
0.19735,14000
0.1974,4000
0.19745,6000
0.1975,6000
0.19755,4000
0.1976,2000
0.19765,6000
0.1977,2000
0.19775,4000
0.1978,10000
0.19785,2000
0.1979,2000
0.19795,2000
0.198,6000
0.19805,6000
0.1981,14000
0.19815,10000
0.1982,2000
0.19825,0
0.1983,10000
0.19835,8000
0.1984,6000
0.19845,8000
0.1985,6000
0.19855,8000
0.1986,2000
0.19865,4000
0.1987,2000
0.19875,12000
0.1988,4000
0.19885,6000
0.1989,2000
0.19895,10000
0.199,8000
0.19905,14000
0.1991,6000
0.19915,0
0.1992,6000
0.19925,2000
0.1993,8000
0.19935,6000
0.1994,2000
0.19945,6000
0.1995,2000
0.19955,12000
0.1996,4000
0.19965,12000
0.1997,8000
0.19975,6000
0.1998,4000
0.19985,8000
0.1999,4000
0.19995,10000
